atDate,settleDate,susp,closing,bid,ask,low,high,vol,turn,VWAP,adjClose,adjBid,adjAsk,adjLow,adjHigh,adjVol,adjVWAP,totalRet
2016-10-19,2016-10-21,0,54.85,54.8,54.85,54.25,55.35,3197619,175444977,54.86738007,54.85,54.8,54.85,54.25,55.35,3197619,54.86738,-0.00363
2016-10-18,2016-10-20,0,55.05,55,55.05,54.3,55.25,3616171,198776644,54.96881757,55.05,55,55.05,54.3,55.25,3616171,54.96882,0.01381
2016-10-17,2016-10-19,0,54.3,54.3,54.35,54.2,55.3,2467523,134275302,54.41704171,54.3,54.3,54.35,54.2,55.3,2467523,54.41704,-0.01362
2016-10-14,2016-10-18,0,55.05,55.05,55.1,54.7,55.45,2817727,155141333,55.05903624,55.05,55.05,55.1,54.7,55.45,2817727,55.05904,0.00732
2016-10-13,2016-10-17,0,54.65,54.55,54.65,54.15,55,4040227,220264692,54.51790011,54.65,54.55,54.65,54.15,55,4040227,54.5179,-0.00183
2016-10-12,2016-10-14,0,54.75,54.75,54.8,54.35,54.9,4136125,226169511,54.68149802,54.75,54.75,54.8,54.35,54.9,4136125,54.6815,-0.00635
2016-10-11,2016-10-13,0,55.1,55.1,55.15,54.5,57.2,9604434,531664107,55.35611021,55.1,55.1,55.15,54.5,57.2,9604434,55.35611,-0.02993
2016-10-07,2016-10-12,0,56.8,56.6,56.8,56.05,57.1,4339469,245457052,56.56384502,56.8,56.6,56.8,56.05,57.1,4339469,56.56385,0.00531
2016-10-06,2016-10-11,0,56.5,56.45,56.5,56.35,57.1,3784104,214153608,56.59294988,56.5,56.45,56.5,56.35,57.1,3784104,56.59295,-0.00441
2016-10-05,2016-10-07,0,56.75,56.75,56.85,56.3,57.25,3106786,176403485,56.78005662,56.75,56.75,56.85,56.3,57.25,3106786,56.78006,-0.00176
2016-10-04,2016-10-06,0,56.85,56.85,56.9,56.5,57.4,3321955,188926950,56.87221832,56.85,56.85,56.9,56.5,57.4,3321955,56.87222,-0.00438
2016-10-03,2016-10-05,0,57.1,57.05,57.1,56.7,57.5,4169784,237578476,56.97620692,57.1,57.05,57.1,56.7,57.5,4169784,56.97621,0.00883
2016-09-30,2016-10-04,0,56.6,56.55,56.6,56,56.65,6364642,358560610,56.33633596,56.6,56.55,56.6,56,56.65,6364642,56.33634,-0.01308
2016-09-29,2016-10-03,0,57.35,57.35,57.4,56.85,57.55,3428322,196007447,57.17299804,57.35,57.35,57.4,56.85,57.55,3428322,57.173,0.00438
2016-09-28,2016-09-30,0,57.1,57.1,57.15,56.1,57.1,3369733,191147765,56.72489927,57.1,57.1,57.15,56.1,57.1,3369733,56.7249,0.00794
2016-09-27,2016-09-29,0,56.65,56.65,56.75,56.3,57.2,4808650,273516801,56.88016408,56.65,56.65,56.75,56.3,57.2,4808650,56.88016,0.00443
2016-09-26,2016-09-28,0,56.4,56.35,56.4,56,56.75,3447165,194649335,56.46649783,56.4,56.35,56.4,56,56.75,3447165,56.4665,-0.01226
2016-09-23,2016-09-27,0,57.1,57.05,57.1,56.8,57.55,4521415,258777533,57.23374939,57.1,57.05,57.1,56.8,57.55,4521415,57.23375,0.00351
2016-09-22,2016-09-26,0,56.9,56.9,57.05,56.65,57.8,5929944,339094926,57.18349549,56.9,56.9,57.05,56.65,57.8,5929944,57.1835,0.01517
2016-09-21,2016-09-23,0,56.05,56,56.05,55.8,56.65,5421007,304670027,56.20174019,56.05,56,56.05,55.8,56.65,5421007,56.20174,-0.00267
2016-09-20,2016-09-22,0,56.2,56.15,56.2,55.85,56.55,5425361,304615172,56.14652592,56.2,56.15,56.2,55.85,56.55,5425361,56.14653,-0.01317
2016-09-19,2016-09-21,0,56.95,56.75,56.95,56.1,57,4550111,257578936,56.60937414,56.95,56.75,56.95,56.1,57,4550111,56.60937,0.01155
2016-09-15,2016-09-20,0,56.3,56.3,56.45,55.9,56.85,7007357,395456830,56.43452018,56.3,56.3,56.45,55.9,56.85,7007357,56.43452,0.0135
2016-09-14,2016-09-19,0,55.55,55.55,55.7,55.3,56.35,4617048,257283999,55.72478324,55.55,55.55,55.7,55.3,56.35,4617048,55.72478,-0.0009
2016-09-13,2016-09-15,0,55.6,55.6,55.75,55.6,57.35,8189972,461829691,56.38965445,55.6,55.6,55.75,55.6,57.35,8189972,56.38965,-0.01156
2016-09-12,2016-09-14,0,56.25,56.2,56.25,56.05,57.7,8985764,511211576,56.89127558,56.25,56.2,56.25,56.05,57.7,8985764,56.89128,-0.03764
2016-09-09,2016-09-13,0,58.45,58.4,58.45,56.75,59.75,10544572,616241554,58.44159004,58.45,58.4,58.45,56.75,59.75,10544572,58.44159,0.0215
2016-09-08,2016-09-12,0,57.6,57.55,57.6,56,57.7,8531434,488174324,57.22066466,57.22,57.17033,57.22,55.63056,57.31934,8588092,56.84317,0.01587
2016-09-07,2016-09-09,0,56.7,56.7,56.75,55.8,56.9,7021156,396488590,56.47055699,56.32594,56.32594,56.37561,55.43187,56.52462,7067784,56.09801,0.008
2016-09-06,2016-09-08,0,56.25,56.25,56.3,55.65,56.65,6581441,369787787,56.18644716,55.87891,55.87891,55.92858,55.28287,56.27627,6625149,55.81577,0.00446
2016-09-05,2016-09-07,0,56,56,56.05,55.35,56.35,10568943,589076657,55.73657243,55.63056,55.63056,55.68022,54.98484,55.97825,10639132,55.36887,0.02283
2016-09-02,2016-09-06,0,54.75,54.7,54.75,54.1,54.85,4962360,270555664,54.52157119,54.3888,54.33913,54.3888,53.74309,54.48814,4995315,54.16188,0.00736
2016-09-01,2016-09-05,0,54.35,54.3,54.4,53.75,54.55,4412252,239784686,54.34519289,53.99144,53.94177,54.04111,53.3954,54.19012,4441554,53.98667,-0.00275
2016-08-31,2016-09-02,0,54.5,54.4,54.5,54.2,54.8,5034720,274359153,54.49342823,54.14045,54.04111,54.14045,53.84243,54.43847,5068156,54.13392,0
2016-08-30,2016-09-01,0,54.5,54.5,54.6,54.35,54.95,4810753,263101209,54.69023436,54.14045,54.14045,54.23979,53.99144,54.58748,4842701,54.32943,0
2016-08-29,2016-08-31,0,54.5,54.4,54.5,54.3,55.3,2660108,144925297,54.48098235,54.14045,54.04111,54.14045,53.94177,54.93517,2677774,54.12156,-0.01179
2016-08-26,2016-08-30,0,55.15,55.15,55.25,54.6,55.45,4541231,250033218,55.05846719,54.78616,54.78616,54.8855,54.23979,55.08418,4571389,54.69523,0.00547
2016-08-25,2016-08-29,0,54.85,54.8,54.85,54.1,54.95,5733093,312513196,54.51040058,54.48814,54.43847,54.48814,53.74309,54.58748,5771167,54.15078,0.00274
2016-08-24,2016-08-26,0,54.7,54.65,54.7,54.2,56,6471422,354266747,54.74326153,54.33913,54.28946,54.33913,53.84243,55.63056,6514399,54.38211,-0.02147
2016-08-23,2016-08-25,0,55.9,55.9,55.95,55.8,56.4,5495305,307998618,56.04759299,55.53122,55.53122,55.58089,55.43187,56.02792,5531800,55.67783,0.00721
2016-08-22,2016-08-24,0,55.5,55.4,55.5,54.9,55.95,4683635,259478980,55.40119587,55.13385,55.03452,55.13385,54.53781,55.58089,4714739,55.0357,0.00817
2016-08-19,2016-08-23,0,55.05,55,55.05,54.65,55.45,6742291,371056647,55.03420825,54.68682,54.63715,54.68682,54.28946,55.08418,6787067,54.67114,0.01195
2016-08-18,2016-08-22,0,54.4,54.4,54.55,53.85,55.2,4643731,253417933,54.57205273,54.04111,54.04111,54.19012,53.49474,54.83583,4674570,54.21203,0.00741
2016-08-17,2016-08-19,0,54,54,54.1,54,55,7673288,416965737,54.33990448,53.64375,53.64375,53.74309,53.64375,54.63715,7724247,53.98141,-0.01818
2016-08-16,2016-08-18,0,55,55,55.1,54.75,55.5,5532263,305086631,55.14680539,54.63715,54.63715,54.73649,54.3888,55.13385,5569003,54.78299,0.00365
2016-08-15,2016-08-17,0,54.8,54.8,54.85,54.8,55.8,10108661,557264588,55.12743854,54.43847,54.43847,54.48814,54.43847,55.43187,10175793,54.76375,-0.00091
2016-08-12,2016-08-16,0,54.85,54.85,54.9,54.65,57,15224411,842248037,55.32220833,54.48814,54.48814,54.53781,54.28946,56.62396,15325517,54.95724,-0.03856
2016-08-11,2016-08-15,0,57.05,57.05,57.15,56.8,58.15,5512509,316894692,57.48647159,56.67363,56.67363,56.77297,56.42528,57.76637,5549118,57.10722,-0.01298
2016-08-10,2016-08-12,0,57.8,57.75,57.8,57.25,58,8725513,503023037,57.64968054,57.41868,57.36901,57.41868,56.87231,57.61736,8783459,57.26935,0.01582
2016-08-09,2016-08-11,0,56.9,56.85,56.9,56.2,57.1,3729793,211863291,56.80296226,56.52462,56.47495,56.52462,55.82924,56.7233,3754563,56.42822,0.00708
2016-08-08,2016-08-10,0,56.5,56.5,56.55,54.75,56.8,5791058,324899918,56.10372371,56.12726,56.12726,56.17693,54.3888,56.42528,5829517,55.73359,0.02541
2016-08-05,2016-08-09,0,55.1,55.05,55.1,54.65,55.1,7050360,386907073,54.87763362,54.73649,54.68682,54.73649,54.28946,54.73649,7097182,54.51559,0.01287
2016-08-04,2016-08-08,0,54.4,54.3,54.4,54.05,54.9,3030744,164499642,54.27698347,54.04111,53.94177,54.04111,53.69342,54.53781,3050871,53.91891,0.00928
2016-08-03,2016-08-05,0,53.9,53.9,54,53.8,55.1,6257563,340703397,54.44665871,53.54441,53.54441,53.64375,53.44507,54.73649,6299120,54.08746,-0.03578
2016-08-01,2016-08-03,0,55.9,55.85,55.9,55.6,56.65,4406271,246703652,55.98921446,55.53122,55.48154,55.53122,55.23319,56.27627,4435533,55.61984,0.00903
2016-07-29,2016-08-02,0,55.4,55.3,55.4,55,56.55,5844926,324141777,55.45695138,55.03452,54.93517,55.03452,54.63715,56.17693,5883742,55.09109,-0.01947
2016-07-28,2016-08-01,0,56.5,56.35,56.5,56,56.9,6832280,386158582,56.51972431,56.12726,55.97825,56.12726,55.63056,56.52462,6877653,56.14685,0.00534
2016-07-27,2016-07-29,0,56.2,56,56.2,55.25,56.35,7785704,435150852,55.89100896,55.82924,55.63056,55.82924,54.8855,55.97825,7837409,55.52228,0.00988
2016-07-26,2016-07-28,0,55.65,55.5,55.65,54.65,55.85,5786723,321385778,55.53847627,55.28287,55.13385,55.28287,54.28946,55.48154,5825153,55.17208,0.00724
2016-07-25,2016-07-27,0,55.25,55.15,55.25,54.8,55.85,5373288,296132369,55.11194803,54.8855,54.78616,54.8855,54.43847,55.48154,5408972,54.74836,0.01005
2016-07-22,2016-07-26,0,54.7,54.65,54.7,54.1,54.85,9326637,507732216,54.43893828,54.33913,54.28946,54.33913,53.74309,54.48814,9388576,54.07979,-0.00091
2016-07-21,2016-07-25,0,54.75,54.8,54.9,53.5,55.25,8390466,459876281,54.80938496,54.3888,54.43847,54.53781,53.14705,54.8855,8446187,54.4478,0.02146
2016-07-20,2016-07-22,0,53.6,53.55,53.7,52.35,53.7,6352336,338094319,53.22362026,53.24639,53.19672,53.34573,52.00463,53.34573,6394522,52.87249,0.01611
2016-07-19,2016-07-21,0,52.75,52.7,52.8,52.25,53,3522684,185529545,52.66709844,52.402,52.35233,52.45167,51.9053,52.65035,3546078,52.31964,-0.00846
2016-07-18,2016-07-20,0,53.2,53.15,53.2,52.8,53.75,4038006,214927159,53.22606232,52.84903,52.79936,52.84903,52.45167,53.3954,4064823,52.87492,0.01237
2016-07-15,2016-07-19,0,52.55,52.4,52.6,51.55,52.8,5498954,287616973,52.30394235,52.20332,52.05431,52.25298,51.20991,52.45167,5535473,51.95888,0.00961
2016-07-14,2016-07-18,0,52.05,52,52.1,50.95,52.2,4451103,229964785,51.6646739,51.70661,51.65694,51.75628,50.61387,51.85563,4480663,51.32383,0.01462
2016-07-13,2016-07-15,0,51.3,51.3,51.4,51.05,52.15,4753324,244400951,51.41685082,50.96156,50.96156,51.0609,50.71321,51.80596,4784891,51.07764,-0.00388
2016-07-12,2016-07-14,0,51.5,51.45,51.55,50.3,51.55,9368906,475923796,50.79822511,51.16024,51.11057,51.20991,49.96816,51.20991,9431125,50.4631,0.03
2016-07-11,2016-07-13,0,50,49.9,50,49.7,50.6,4024342,201589526,50.09254333,49.67014,49.5708,49.67014,49.37212,50.26618,4051068,49.76207,0.01523
2016-07-08,2016-07-12,0,49.25,49.25,49.3,48.8,49.55,2640998,129845512,49.16532008,48.92509,48.92509,48.97476,48.47805,49.22311,2658537,48.84097,-0.01303
2016-07-07,2016-07-11,0,49.9,49.85,50,49.55,50.4,4518558,225967713,50.008811,49.5708,49.52113,49.67014,49.22311,50.0675,4548566,49.67889,0.01629
2016-07-06,2016-07-08,0,49.1,49,49.15,48.4,49.4,4019164,196308451,48.84310543,48.77607,48.67674,48.82575,48.0807,49.0741,4045855,48.52088,-0.00708
2016-07-05,2016-07-07,0,49.45,49.5,49.6,49.35,50.3,4607741,229892109,49.89258489,49.12377,49.17344,49.27278,49.02443,49.96816,4638341,49.56343,-0.01982
2016-07-04,2016-07-06,0,50.45,50.3,50.4,48.6,50.95,11656891,583152458,50.02641425,50.11717,49.96816,50.0675,48.27937,50.61387,11734305,49.69638,0.04236
2016-06-30,2016-07-05,0,48.4,48.35,48.5,47.85,48.55,8206611,396917852,48.36562279,48.0807,48.03102,48.18003,47.53432,48.2297,8261111,48.04654,0.01574
2016-06-29,2016-07-04,0,47.65,47.55,47.7,46.1,47.8,5197579,246386384,47.40406716,47.33564,47.2363,47.38531,45.79587,47.48465,5232096,47.09133,0.03474
2016-06-28,2016-06-30,0,46.05,46.05,46.1,44.75,46.15,5884578,268887947,45.6936669,45.7462,45.7462,45.79587,44.45477,45.84554,5923658,45.39222,0.00109
2016-06-27,2016-06-29,0,46,45.9,46,45.7,46.5,8374677,385467283,46.0277194,45.69653,45.59719,45.69653,45.39851,46.19323,8430294,45.72406,-0.01604
2016-06-24,2016-06-28,0,46.75,46.7,46.85,45.5,48.3,14418993,668952095,46.39381509,46.44158,46.39191,46.54092,45.19983,47.98135,14514750,46.08774,-0.03209
2016-06-23,2016-06-27,0,48.3,48.3,48.35,47.95,48.45,3951052,190358401,48.17916874,47.98135,47.98135,48.03102,47.63366,48.13037,3977291,47.86132,0.0073
2016-06-22,2016-06-24,0,47.95,48,48.1,47.6,48.45,3608349,172981056,47.93911454,47.63366,47.68333,47.78267,47.28597,48.13037,3632312,47.62285,-0.00725
2016-06-21,2016-06-23,0,48.3,48.15,48.25,47.45,48.45,3364709,161690792,48.05491114,47.98135,47.83235,47.93168,47.13696,48.13037,3387054,47.73788,0.0094
2016-06-20,2016-06-22,0,47.85,47.75,47.85,47.45,48,4733146,226011492,47.75079662,47.53432,47.43498,47.53432,47.13696,47.68333,4764579,47.43577,0.02463
2016-06-17,2016-06-21,0,46.7,46.65,46.8,46.35,47,4464986,207868096,46.55515068,46.39191,46.34224,46.49125,46.04422,46.68993,4494638,46.24802,0.00755
2016-06-16,2016-06-20,0,46.35,46.25,46.4,45.9,46.7,4328877,200111770,46.22717855,46.04422,45.94488,46.09389,45.59719,46.39191,4357625,45.92221,-0.02112
2016-06-15,2016-06-17,0,47.35,47.3,47.4,46.45,47.75,2905755,137157400,47.20198365,47.03762,46.98795,47.08729,46.14356,47.43498,2925052,46.89058,-0.00105
2016-06-14,2016-06-16,0,47.4,47.25,47.45,47.2,48,2379880,113168084,47.55201271,47.08729,46.93828,47.13696,46.88861,47.68333,2395685,47.2383,-0.0042
2016-06-13,2016-06-15,0,47.6,47.55,47.7,47.25,47.95,6356252,302743942,47.62931709,47.28597,47.2363,47.38531,46.93828,47.63366,6398464,47.3151,-0.02658
2016-06-10,2016-06-14,0,48.9,48.85,48.95,48.8,49.9,7860785,386311107,49.14408765,48.5774,48.52772,48.62707,48.47805,49.5708,7912989,48.81987,-0.01112
2016-06-08,2016-06-13,0,49.45,49.4,49.6,49.4,50.4,6321718,313368883,49.57020908,49.12377,49.0741,49.27278,49.0741,50.0675,6363701,49.24318,-0.01885
2016-06-07,2016-06-10,0,50.4,50.45,50.6,49.95,51.5,5210290,263793162,50.6292667,50.0675,50.11717,50.26618,49.62047,51.16024,5244892,50.29525,0.00299
2016-06-06,2016-06-08,0,50.25,50.1,50.25,49.1,50.5,3425169,171839316,50.16958754,49.91849,49.76948,49.91849,48.77607,50.16684,3447916,49.83861,0.01927
2016-06-03,2016-06-07,0,49.3,49.1,49.3,48.85,49.5,5294739,260891163,49.27365881,48.97476,48.77607,48.97476,48.52772,49.17344,5329902,48.94859,0.00818
2016-06-02,2016-06-06,0,48.9,48.9,48.95,48.15,49.05,6785524,331023593,48.78379223,48.5774,48.5774,48.62707,47.83235,48.72641,6830587,48.46195,-0.00204
2016-06-01,2016-06-03,0,49,48.95,49,48.55,49.1,4580576,223829561,48.86493773,48.67674,48.62707,48.67674,48.2297,48.77607,4610996,48.54256,0.00719
2016-05-31,2016-06-02,0,48.65,48.45,48.6,48.45,49.1,8303032,405703502,48.86209062,48.32905,48.13037,48.27937,48.13037,48.77607,8358173,48.53974,0
2016-05-30,2016-06-01,0,48.65,48.55,48.65,47.65,49.15,4111437,200254269,48.70663688,48.32905,48.2297,48.32905,47.33564,48.82575,4138741,48.38531,0.00934
2016-05-27,2016-05-31,0,48.2,48.1,48.25,47.6,48.6,5436063,261205770,48.05054136,47.88201,47.78267,47.93168,47.28597,48.27937,5472164,47.73354,0.00208
2016-05-26,2016-05-30,0,48.1,48.05,48.1,47.15,48.25,4601936,219974704,47.80047006,47.78267,47.733,47.78267,46.83894,47.93168,4632498,47.48512,0.00839
2016-05-25,2016-05-27,0,47.7,47.7,47.8,47,48.2,11554702,552786044,47.84078759,47.38531,47.38531,47.48465,46.68993,47.88201,11631437,47.52517,0.03024
2016-05-24,2016-05-26,0,46.3,46.2,46.3,45.7,46.35,5633140,259428347,46.05394984,45.99455,45.89521,45.99455,45.39851,46.04422,5670550,45.75012,0.0232
2016-05-23,2016-05-25,0,45.25,45.3,45.35,44.65,45.95,5029429,227754436,45.28435256,44.95148,45.00115,45.05081,44.35544,45.64686,5062830,44.9856,-0.01309
2016-05-20,2016-05-24,0,45.85,45.75,45.85,44.2,46.25,6140295,280522030,45.68543205,45.54752,45.44818,45.54752,43.9084,45.94488,6181073,45.38404,0.0315
2016-05-19,2016-05-23,0,44.45,44.35,44.55,44.05,44.95,4019920,178773039,44.47179023,44.15675,44.05741,44.25609,43.75939,44.65346,4046616,44.1784,-0.00559
2016-05-18,2016-05-20,0,44.7,44.65,44.75,44.5,45.3,5444515,244708494,44.94587562,44.4051,44.35544,44.45477,44.20642,45.00115,5480672,44.64936,-0.01324
2016-05-17,2016-05-19,0,46.35,46.3,46.35,45.5,46.4,5902167,270665850,45.85872443,45.00114,44.9526,45.00114,44.17588,45.04969,6079077,44.52417,0.01422
2016-05-16,2016-05-18,0,45.7,45.65,45.7,45.4,45.95,3143529,143571723,45.6721484,44.37006,44.32152,44.37006,44.07879,44.61279,3237752,44.34302,0
2016-05-13,2016-05-17,0,45.7,45.65,45.7,45.15,46.35,8334078,379949330,45.58984569,44.37006,44.32152,44.37006,43.83607,45.00114,8583882,44.26311,-0.01509
2016-05-12,2016-05-16,0,46.4,46.35,46.45,46.35,46.85,4031345,188050164,46.64700342,45.04969,45.00114,45.09824,45.00114,45.48659,4152180,45.28951,-0.01382
2016-05-11,2016-05-13,0,47.05,47,47.05,47,48.2,5771260,273328802,47.36033414,45.68077,45.63223,45.68077,45.63223,46.79731,5944246,45.98208,-0.02183
2016-05-10,2016-05-12,0,48.1,48.05,48.1,47.6,48.95,6550266,315108153,48.10616134,46.70022,46.65167,46.70022,46.21477,47.52548,6746602,46.7062,-0.01029
2016-05-09,2016-05-11,0,48.6,48.6,48.7,48.25,49.15,3855196,187759111,48.70287036,47.18567,47.18567,47.28276,46.84585,47.71966,3970751,47.28554,0.00206
2016-05-06,2016-05-10,0,48.5,48.55,48.6,48.4,49.55,8058381,393337659,48.81100298,47.08858,47.13712,47.18567,46.99149,48.10802,8299921,47.39053,-0.02414
2016-05-05,2016-05-09,0,49.7,49.65,49.75,49.45,50.55,5669865,282217456,49.77498688,48.25366,48.20511,48.3022,48.01093,49.07892,5839812,48.32646,-0.00897
2016-05-04,2016-05-06,0,50.15,50.15,50.2,49.95,50.7,5666689,284504579,50.20649254,48.69056,48.69056,48.73911,48.49638,49.22456,5836541,48.74541,-0.01085
2016-05-03,2016-05-05,0,50.7,50.7,50.75,50.65,53.6,8500399,439100399,51.65644566,49.22456,49.22456,49.2731,49.17601,52.04016,8755188,50.15317,-0.04789
2016-04-29,2016-05-04,0,53.25,53.25,53.35,52.4,53.75,6461671,344695446,53.34462959,51.70035,51.70035,51.79743,50.87508,52.18579,6655352,51.79222,-0.0148
2016-04-28,2016-05-03,0,54.05,53.9,54.25,53.6,55,10498460,570993644,54.388324,52.47706,52.33143,52.67124,52.04016,53.39942,10813138,52.80554,0.01028
2016-04-27,2016-04-29,0,53.5,53.35,53.5,52.45,53.75,6880814,365601523,53.13346982,51.94307,51.79743,51.94307,50.92363,52.18579,7087058,51.58721,0.01039
2016-04-26,2016-04-28,0,52.95,52.8,52.95,51.75,53.25,4735667,248858606,52.54985327,51.40908,51.26344,51.40908,50.244,51.70035,4877613,51.02057,0.01631
2016-04-25,2016-04-27,0,52.1,52,52.1,51.3,52.25,3403785,176545196,51.86731712,50.58381,50.48672,50.58381,49.80709,50.72945,3505809,50.3579,-0.00192
2016-04-22,2016-04-26,0,52.2,52.05,52.2,51.8,52.35,3515965,182964906,52.03831836,50.6809,50.53527,50.6809,50.29254,50.82654,3621352,50.52393,-0.01416
2016-04-21,2016-04-25,0,52.95,52.75,53,51.75,53,5624090,296524071,52.72391996,51.40908,51.2149,51.45762,50.244,51.45762,5792665,51.18958,0.0222
2016-04-20,2016-04-22,0,51.8,51.8,51.9,51.5,52.15,6085028,315567473,51.85965833,50.29254,50.29254,50.38963,50.00127,50.63236,6267419,50.35046,0.0029
2016-04-19,2016-04-21,0,51.65,51.65,51.8,51.2,52,4112711,212329209,51.62755394,50.14691,50.14691,50.29254,49.71,50.48672,4235984,50.12512,0.02075
2016-04-18,2016-04-20,0,50.6,50.6,50.75,50.25,51.4,5541223,280249533,50.57539337,49.12746,49.12746,49.2731,48.78765,49.90418,5707314,49.10357,-0.02222
2016-04-15,2016-04-19,0,51.75,51.7,51.95,50.65,52,4181435,215681642,51.58077119,50.244,50.19545,50.43818,49.17601,50.48672,4306768,50.07969,0.01471
2016-04-14,2016-04-18,0,51,50.9,51,50.55,51.3,3344750,170338845,50.92722774,49.51582,49.41874,49.51582,49.07892,49.80709,3445005,49.44517,0.00691
2016-04-13,2016-04-15,0,50.65,50.65,50.8,49.85,51,8628162,435647954,50.49139712,49.17601,49.17601,49.32164,48.39929,49.51582,8886781,49.02202,0.01809
2016-04-12,2016-04-14,0,49.75,49.6,49.8,49.55,50.7,4785641,239205401,49.98398355,48.3022,48.15656,48.35074,48.10802,49.22456,4929085,48.52938,-0.01583
2016-04-11,2016-04-13,0,50.55,50.4,50.55,49.65,50.85,3499493,176493814,50.43410974,49.07892,48.93329,49.07892,48.20511,49.37019,3604386,48.9664,0.011
2016-04-08,2016-04-12,0,50,49.95,50,48.3,50.05,5838902,287421428,49.22525297,48.54493,48.49638,48.54493,46.8944,48.59347,6013916,47.79272,0.01523
2016-04-07,2016-04-11,0,49.25,49.35,49.45,49.15,50.5,11832647,587755788,49.67238421,47.81675,47.91384,48.01093,47.71966,49.03037,12187316,48.22684,-0.01005
2016-04-06,2016-04-08,0,49.75,49.7,49.75,48.75,50,5523398,272984376,49.42326734,48.3022,48.25366,48.3022,47.3313,48.54493,5688955,47.98498,0.01118
2016-04-05,2016-04-07,0,49.2,49.15,49.2,48.45,49.5,7948099,390425529,49.12187543,47.76821,47.71966,47.76821,47.04003,48.05948,8186334,47.69236,-0.00405
2016-04-01,2016-04-06,0,49.4,49.4,49.5,49.3,50.2,5663670,281612152,49.72255658,47.96239,47.96239,48.05948,47.8653,48.73911,5833432,48.27556,-0.01101
2016-03-31,2016-04-05,0,49.95,49.85,49.9,49.85,50.45,5040347,252313793,50.05881401,48.49638,48.39929,48.44784,48.39929,48.98183,5191425,48.60203,-0.00696
2016-03-30,2016-04-01,0,50.3,50.25,50.35,49.95,50.8,8169176,411299199,50.34769712,48.83619,48.78765,48.88474,48.49638,49.32164,8414037,48.8825,0.02132
2016-03-29,2016-03-31,0,49.25,49.3,49.4,48.75,49.5,3321296,163124066,49.11458238,47.81675,47.8653,47.96239,47.3313,48.05948,3420848,47.68527,0.00716
2016-03-24,2016-03-30,0,48.9,48.8,48.85,48.5,49.5,11549641,566315797,49.0331948,47.47694,47.37985,47.42839,47.08858,48.05948,11895827,47.60626,-0.00912
2016-03-23,2016-03-29,0,49.35,49.15,49.25,48.65,49.6,7034151,345574726,49.12813586,47.91384,47.71966,47.81675,47.23421,48.15656,7244991,47.69843,-0.00504
2016-03-22,2016-03-24,0,49.6,49.6,49.8,47.4,49.85,11751561,574389595,48.87772739,48.15656,48.15656,48.35074,46.02059,48.39929,12103800,47.45531,0.04421
2016-03-21,2016-03-23,0,47.5,47.35,47.5,46.9,49.1,11619048,557227436,47.95809743,46.11768,45.97204,46.11768,45.53514,47.67112,11967315,46.56245,0.01496
2016-03-18,2016-03-22,0,46.8,46.8,46.9,45.35,47.8,24551549,1139975103,46.43190143,45.43805,45.43805,45.53514,44.03025,46.40895,25287452,45.08066,-0.02398
2016-03-17,2016-03-21,0,47.95,47.8,48,47.45,48.05,4141094,197912038,47.79221095,46.55458,46.40895,46.60313,46.06913,46.65167,4265218,46.40139,0.01589
2016-03-16,2016-03-18,0,47.2,46.95,47.2,46.9,47.55,3715416,175258715,47.17068425,45.82641,45.58369,45.82641,45.53514,46.16622,3826781,45.79795,0.00212
2016-03-15,2016-03-17,0,47.1,47,47.2,46.4,47.3,5496930,257597600,46.86208484,45.72932,45.63223,45.82641,45.04969,45.9235,5661694,45.49833,-0.01154
2016-03-14,2016-03-16,0,47.65,47.55,47.8,45.85,47.85,10855772,511340951,47.10314025,46.26332,46.16622,46.40895,44.5157,46.45749,11181160,45.73237,0.0484
2016-03-11,2016-03-15,0,45.45,45.45,45.7,44.2,45.75,3104939,140188786,45.15025448,44.12734,44.12734,44.37006,42.91371,44.41861,3198006,43.83631,0.01225
2016-03-10,2016-03-14,0,44.9,44.85,45,44.8,45.9,3389985,153260294,45.2097263,43.59334,43.5448,43.69043,43.49625,44.56424,3491596,43.89406,-0.00333
2016-03-09,2016-03-11,0,45.05,45.05,45.2,44.65,45.7,5434903,244776920,45.0379556,43.73898,43.73898,43.88461,43.35062,44.37006,5597808,43.72728,-0.01638
2016-03-08,2016-03-10,0,45.8,45.8,46,45.6,46.35,6660562,306249236,45.97948882,44.46715,44.46715,44.66133,44.27297,45.00114,6860204,44.64142,-0.00543
2016-03-07,2016-03-09,0,46.05,46,46.1,45.6,46.5,10056725,462374224,45.97662002,44.70988,44.66133,44.75842,44.27297,45.14678,10358163,44.63863,0.00987
2016-03-04,2016-03-08,0,45.6,45.45,45.65,43.3,45.75,12989724,581249880,44.74689993,44.27297,44.12734,44.32152,42.0399,44.41861,13379075,43.4447,0.05312
2016-03-03,2016-03-07,0,43.3,43.25,43.3,42.7,43.6,7559180,326530679,43.1965741,42.0399,41.99136,42.0399,41.45737,42.33117,7785757,41.93949,0.00698
2016-03-02,2016-03-04,0,43,42.9,43,42.15,43.6,14242697,610607709,42.87163513,41.74864,41.65155,41.74864,40.92337,42.33117,14669604,41.62401,0.04623
2016-03-01,2016-03-03,0,41.1,41.05,41.15,39.85,41.15,21954658,885714787,40.34290978,39.90393,39.85538,39.95248,38.6903,39.95248,22612722,39.16887,0.03266
2016-02-29,2016-03-02,0,39.8,39.7,39.75,39.7,40.45,4481668,179128234,39.96909945,38.64176,38.54467,38.59322,38.54467,39.27285,4616001,38.80594,-0.01607
2016-02-26,2016-03-01,0,40.45,40.45,40.55,39.6,40.8,5531972,222094327,40.14740621,39.27285,39.27285,39.36993,38.44758,39.61266,5697786,38.97906,0.03057
2016-02-25,2016-02-29,0,39.25,39.25,39.3,39.15,40.8,3945744,156206471,39.58859749,38.10777,38.10777,38.15631,38.01068,39.61266,4064013,38.43651,-0.03799
2016-02-24,2016-02-26,0,40.8,40.75,40.8,40.15,41.3,3678562,150190557,40.82860558,39.61266,39.56411,39.61266,38.98158,40.09811,3788822,39.64043,-0.0133
2016-02-23,2016-02-25,0,41.35,41.35,41.45,41.3,42,6930706,288676103,41.65176001,40.14665,40.14665,40.24374,40.09811,40.77774,7138445,40.43963,-0.00839
2016-02-22,2016-02-24,0,41.7,41.65,41.7,41.3,42.4,3507273,146280285,41.70769855,40.48647,40.43792,40.48647,40.09811,41.1661,3612399,40.49394,0.00969
2016-02-19,2016-02-23,0,41.3,41.3,41.5,40.45,41.5,4455125,182776444,41.02610903,40.09811,40.09811,40.29229,39.27285,40.29229,4588662,39.83219,0.02101
2016-02-18,2016-02-22,0,40.45,40.45,40.55,40.35,41.1,4076118,165531149,40.60999927,39.27285,39.27285,39.36993,39.17575,39.90393,4198295,39.42819,0.00372
2016-02-17,2016-02-19,0,40.3,40.3,40.35,40.05,41.45,2667365,108344535,40.61856364,39.12721,39.12721,39.17575,38.88448,40.24374,2747316,39.4365,-0.00983
2016-02-16,2016-02-18,0,40.7,40.65,40.7,39.3,40.9,6592509,265596544,40.28762706,39.51557,39.46703,39.51557,38.15631,39.70975,6790111,39.1152,0.01496
2016-02-15,2016-02-17,0,40.1,40,40.2,39.4,40.2,5516159,220342114,39.94484459,38.93303,38.83594,39.03012,38.2534,39.03012,5681499,38.78239,0.02821
2016-02-12,2016-02-16,0,39,39,39.05,38.85,40,6239600,245018493,39.26830133,37.86504,37.86504,37.91359,37.71941,38.83594,6426624,38.12554,-0.00889
2016-02-11,2016-02-15,0,39.35,39.3,39.4,38.35,39.65,6179917,242197040,39.1909859,38.20485,38.15631,38.2534,37.23396,38.49613,6365152,38.05047,-0.02114
2016-02-05,2016-02-12,0,40.2,40.05,40.15,39.7,40.8,4202385,168681426,40.13945081,39.03012,38.88448,38.98158,38.54467,39.61266,4328346,38.97133,0.01005
2016-02-04,2016-02-11,0,39.8,39.7,39.9,39.7,40.85,6844487,275273842,40.21833075,38.64176,38.54467,38.73885,38.54467,39.6612,7049642,39.04792,-0.00125
2016-02-03,2016-02-05,0,39.85,39.8,39.95,39.4,40.8,7127200,283484542,39.77502273,38.6903,38.64176,38.7874,38.2534,39.61266,7340829,38.61751,-0.03041
2016-02-02,2016-02-04,0,41.1,41.05,41.2,40.1,41.3,6026010,246720410,40.94258224,39.90393,39.85538,40.00102,38.93303,40.09811,6206632,39.75109,-0.00364
2016-02-01,2016-02-03,0,41.25,41.05,41.2,40.4,41.85,10326512,423523999,41.0132675,40.04956,39.85538,40.00102,39.2243,40.6321,10636037,39.81972,-0.0096
2016-01-29,2016-02-02,0,41.65,41.55,41.65,39.05,41.75,9933776,403913685,40.66063952,40.43792,40.34083,40.43792,37.91359,40.53501,10231529,39.47735,0.06115
2016-01-28,2016-02-01,0,39.25,39.25,39.35,38.2,39.7,7651561,298554040,39.01871004,38.10777,38.10777,38.20485,37.08832,38.54467,7880907,37.88321,0.00255
2016-01-27,2016-01-29,0,39.15,39.2,39.35,38.85,39.6,8544504,334340901,39.12935157,38.01068,38.05922,38.20485,37.71941,38.44758,8800615,37.99063,0.00772
2016-01-26,2016-01-28,0,38.85,38.9,38.95,38.55,39.3,7510929,291959710,38.87131805,37.71941,37.76795,37.8165,37.42814,38.15631,7736060,37.7401,-0.02875
2016-01-25,2016-01-27,0,40,39.85,40,39.25,40.6,8090347,321711686,39.76488104,38.83594,38.6903,38.83594,38.10777,39.41848,8332845,38.60766,0.00125
2016-01-22,2016-01-26,0,39.95,39.85,39.9,39.85,40.5,10249941,411017065,40.09945667,38.7874,38.6903,38.73885,38.6903,39.32139,10557170,38.9325,0.01139
2016-01-21,2016-01-25,0,39.5,39.55,39.7,39.4,43,14764726,602780603,40.82572227,38.35049,38.39904,38.54467,38.2534,41.74864,15207281,39.63763,-0.04819
2016-01-20,2016-01-22,0,41.5,41.5,41.6,41.45,43.4,12560815,528265056,42.05659075,40.29229,40.29229,40.38938,40.24374,42.137,12937310,40.83268,-0.07055
2016-01-19,2016-01-21,0,44.65,44.55,44.65,43.6,44.75,5755107,255500421,44.39542497,43.35062,43.25353,43.35062,42.33117,43.44771,5927609,43.10345,0.00112
2016-01-18,2016-01-20,0,44.6,44.6,44.65,44,45.3,5253959,234259338,44.58720329,43.30207,43.30207,43.35062,42.71953,43.9817,5411440,43.28965,-0.00668
2016-01-15,2016-01-19,0,44.9,44.9,44.95,44.85,46.1,5834649,264459782,45.32573973,43.59334,43.59334,43.64189,43.5448,44.75842,6009535,44.00669,-0.02919
2016-01-14,2016-01-18,0,46.25,46.15,46.3,45.2,46.8,5076365,234468061,46.18818012,44.90406,44.80697,44.9526,43.88461,45.43805,5228523,44.84404,-0.02013
2016-01-13,2016-01-15,0,47.2,47.25,47.3,46.45,47.75,6811331,321098037,47.14174616,45.82641,45.87495,45.9235,45.09824,46.3604,7015492,45.76985,0.01724
2016-01-12,2016-01-14,0,46.4,46.3,46.4,45.95,46.9,3881245,180107188,46.40448825,45.04969,44.9526,45.04969,44.61279,45.53514,3997581,45.05405,-0.00215
2016-01-11,2016-01-13,0,46.5,46.5,46.55,46.4,47.2,7432132,347822449,46.79982124,45.14678,45.14678,45.19532,45.04969,45.82641,7654901,45.43788,-0.03627
2016-01-08,2016-01-12,0,48.25,48.25,48.35,47.45,48.8,6838369,328745685,48.07369784,46.84585,46.84585,46.94294,46.06913,47.37985,7043341,46.67468,0.01472
2016-01-07,2016-01-11,0,47.55,47.3,47.7,45.6,47.7,7432277,348126335,46.83979553,46.16622,45.9235,46.31186,44.27297,46.31186,7655050,45.47669,0.00316
2016-01-06,2016-01-08,0,47.4,47.3,47.55,47.3,49.3,6021945,288170524,47.85339687,46.02059,45.9235,46.16622,45.9235,47.8653,6202445,46.46079,-0.02869
2016-01-05,2016-01-07,0,48.8,48.7,48.8,48.6,49.45,3157617,154666700,48.98209631,47.37985,47.28276,47.37985,47.18567,48.01093,3252263,47.55664,-0.00914
2016-01-04,2016-01-06,0,49.25,49.15,49.35,49,50.35,5016031,246838306,49.20988447,47.81675,47.71966,47.91384,47.57403,48.88474,5166380,47.7778,-0.02282
2015-12-31,2016-01-05,0,50.4,50.6,50.75,50.25,51,1810017,91348753,50.4684503,48.93329,49.12746,49.2731,48.78765,49.51582,1864270,48.99974,-0.01176
2015-12-30,2016-01-05,0,51,50.95,51.05,50.85,51.8,2239389,114589908,51.17016651,49.51582,49.46728,49.56437,49.37019,50.29254,2306512,49.68104,0
2015-12-29,2016-01-04,0,51,50.95,51.05,50.15,51.1,2520597,127626112,50.63328727,49.51582,49.46728,49.56437,48.69056,49.61291,2596149,49.15978,0.01594
2015-12-28,2015-12-30,0,50.2,50.15,50.2,50.05,50.85,2274512,114360546,50.27915702,48.73911,48.69056,48.73911,48.59347,49.37019,2342688,48.81596,-0.01761
2015-12-24,2015-12-29,0,51.1,51.05,51.2,51,51.5,1230038,62951275,51.17831726,49.61291,49.56437,49.71,49.51582,50.00127,1266907,49.68895,-0.00098
2015-12-23,2015-12-29,0,51.15,51,51.15,50.45,51.3,3158451,161119748,51.01226772,49.66146,49.51582,49.66146,48.98183,49.80709,3253122,49.52773,0.00788
2015-12-22,2015-12-28,0,50.75,50.75,50.8,50.2,50.9,2248158,113515300,50.49258104,49.2731,49.2731,49.32164,48.73911,49.41874,2315544,49.02317,0.00794
2015-12-21,2015-12-23,0,50.35,50.3,50.5,50.25,50.6,2751197,138735218,50.42722059,48.88474,48.83619,49.03037,48.78765,49.12746,2833661,48.95971,-0.01081
2015-12-18,2015-12-22,0,50.9,50.9,50.95,50.5,51.05,5824496,295963265,50.81354078,49.41874,49.41874,49.46728,49.03037,49.56437,5999078,49.33479,-0.00973
2015-12-17,2015-12-21,0,51.4,51.2,51.45,51.05,51.7,4454641,229072627,51.42336431,49.90418,49.71,49.95273,49.56437,50.19545,4588163,49.92687,0.00097
2015-12-16,2015-12-18,0,51.35,51.25,51.35,50.5,51.5,3811737,194660395,51.0686847,49.85564,49.75855,49.85564,49.03037,50.00127,3925989,49.58251,0.01885
2015-12-15,2015-12-17,0,50.4,50.4,50.55,50.25,51,5046945,255312509,50.58753543,48.93329,48.93329,49.07892,48.78765,49.51582,5198221,49.11536,-0.01176
2015-12-14,2015-12-16,0,51,50.9,51.05,50.1,51.1,4657605,236433955,50.76298978,49.51582,49.41874,49.56437,48.64201,49.61291,4797211,49.28571,-0.00293
2015-12-11,2015-12-15,0,51.15,51.05,51.2,50.9,52.2,4742307,244227523,51.49972851,49.66146,49.56437,49.71,49.41874,50.6809,4884452,50.00101,-0.00872
2015-12-10,2015-12-14,0,51.6,51.55,51.7,51.1,52.15,2721513,140976663,51.8008413,50.09836,50.04982,50.19545,49.61291,50.63236,2803087,50.29336,0.00097
2015-12-09,2015-12-11,0,51.55,51.55,51.6,50.65,51.85,2995552,153575151,51.26772995,50.04982,50.04982,50.09836,49.17601,50.34109,3085340,49.77576,0
2015-12-08,2015-12-10,0,51.55,51.5,51.6,50.85,52,4088350,209382219,51.21435763,50.04982,50.00127,50.09836,49.37019,50.48672,4210893,49.72394,-0.00961
2015-12-07,2015-12-09,0,52.05,52.05,52.1,51.95,52.75,3510571,183733558,52.3372289,50.53527,50.53527,50.58381,50.43818,51.2149,3615796,50.81414,-0.00573
2015-12-04,2015-12-08,0,52.35,52.1,52.4,51.75,52.5,4136950,215498037,52.09104219,50.82654,50.58381,50.87508,50.244,50.97217,4260950,50.57512,-0.0104
2015-12-03,2015-12-07,0,52.9,52.7,52.9,52.35,53.2,2846810,150621109,52.90873258,51.36053,51.16635,51.36053,50.82654,51.6518,2932140,51.36901,-0.00377
2015-12-02,2015-12-04,0,53.1,53,53.25,52.2,53.5,7582651,402273477,53.05182541,51.55471,51.45762,51.70035,50.6809,51.94307,7809932,51.50794,0.0251
2015-12-01,2015-12-03,0,51.8,51.65,51.9,50.7,52.1,6449396,330013790,51.16972039,50.29254,50.14691,50.38963,49.22456,50.58381,6642709,49.68061,0.02473
2015-11-30,2015-12-02,0,50.55,50.4,50.95,50.4,51.45,6301662,320084803,50.79371172,49.07892,48.93329,49.46728,48.93329,49.95273,6490547,49.31554,-0.00492
2015-11-27,2015-12-01,0,50.8,50.85,50.95,50.8,52.15,4820311,246570424,51.15238913,49.32164,49.37019,49.46728,49.32164,50.63236,4964794,49.66378,-0.02025
2015-11-26,2015-11-30,0,51.85,51.75,51.95,51.65,53.3,5337870,279772433,52.41274759,50.34109,50.244,50.43818,50.14691,51.74889,5497866,50.88746,0.00193
2015-11-25,2015-11-27,0,51.75,51.65,51.8,51.4,52.2,4190130,216841533,51.75055022,50.244,50.14691,50.29254,49.90418,50.6809,4315724,50.24453,-0.01146
2015-11-24,2015-11-26,0,52.35,52.35,52.5,52.15,52.85,1877461,98482947,52.45538895,50.82654,50.82654,50.97217,50.63236,51.31198,1933736,50.92886,-0.01505
2015-11-23,2015-11-25,0,53.15,53.05,53.15,52.5,53.35,3064671,162025126,52.86868509,51.60326,51.50617,51.60326,50.97217,51.79743,3156531,51.33013,-0.00747
2015-11-20,2015-11-24,0,53.55,53.55,53.65,52.15,53.7,3615475,190921880,52.8068594,51.99161,51.99161,52.08871,50.63236,52.13725,3723844,51.2701,0.00943
2015-11-19,2015-11-23,0,53.05,52.9,53.05,52.75,53.4,3436327,182160323,53.01018297,51.50617,51.36053,51.50617,51.2149,51.84598,3539327,51.46751,0.0124
2015-11-18,2015-11-20,0,52.4,52.35,52.4,52.2,52.8,2264794,119039076,52.5606638,50.87508,50.82654,50.87508,50.6809,51.26344,2332678,51.03107,-0.00095
2015-11-17,2015-11-19,0,52.45,52.5,52.75,52.3,53.8,3384288,178650506,52.78821011,50.92363,50.97217,51.2149,50.77799,52.23434,3485728,51.25199,0.00768
2015-11-16,2015-11-18,0,52.05,52.15,52.2,51.7,52.6,4797399,249575352,52.02305499,50.53527,50.63236,50.6809,50.19545,51.06926,4941195,50.50911,-0.02345
2015-11-13,2015-11-17,0,53.3,53.15,53.4,52.5,53.45,4184268,221954368,53.04496939,51.74889,51.60326,51.84598,50.97217,51.89453,4309686,51.50128,-0.00929
2015-11-12,2015-11-16,0,53.8,53.85,53.9,51.05,53.95,6573640,348757128,53.05388308,52.23434,52.28288,52.33143,49.56437,52.37998,6770677,51.50994,0.04365
2015-11-11,2015-11-13,0,51.55,51.5,51.6,50.8,51.75,2776996,142748352,51.40387383,50.04982,50.00127,50.09836,49.32164,50.244,2860233,49.90794,0.02079
2015-11-10,2015-11-12,0,50.5,50.45,50.5,50.4,51.1,7225813,366816351,50.76471686,49.03037,48.98183,49.03037,48.93329,49.61291,7442398,49.28739,-0.01559
2015-11-09,2015-11-11,0,51.3,51.15,51.35,51.1,52.75,5007366,259246921,51.77311205,49.80709,49.66146,49.85564,49.61291,51.2149,5157456,50.26644,-0.02841
2015-11-06,2015-11-10,0,52.8,52.7,52.9,52.7,53.1,2711406,143321234,52.85864013,51.26344,51.16635,51.36053,51.16635,51.55471,2792677,51.32037,-0.01584
2015-11-05,2015-11-09,0,53.65,53.4,53.55,53.15,54.4,4621148,248652697,53.80755972,52.08871,51.84598,51.99161,51.60326,52.81688,4759661,52.24168,-0.0192
2015-11-04,2015-11-06,0,54.7,54.5,54.7,52.6,55.45,6665916,363173964,54.4822293,53.10815,52.91397,53.10815,51.06926,53.83632,6865719,52.89672,0.03992
2015-11-03,2015-11-05,0,52.6,52.6,52.75,52.55,53.5,4833320,256466036,53.06208486,51.06926,51.06926,51.2149,51.02072,51.94307,4978193,51.5179,0.00095
2015-11-02,2015-11-04,0,52.55,52.5,52.65,52.35,53.8,4600870,243292217,52.87961125,51.02072,50.97217,51.11781,50.82654,52.23434,4738775,51.34074,-0.03578
2015-10-30,2015-11-03,0,54.5,54.4,54.6,54.3,55.2,6340451,347530519,54.81164021,52.91397,52.81688,53.01106,52.71979,53.5936,6530498,53.21654,-0.00909
2015-10-29,2015-11-02,0,55,55.05,55.2,54.85,56.6,6579527,364382662,55.38128531,53.39942,53.44796,53.5936,53.25378,54.95285,6776740,53.76961,-0.01873
2015-10-28,2015-10-30,0,56.05,55.95,56.1,56,56.5,3296205,185202656,56.1866316,54.41886,54.32177,54.4674,54.37032,54.85577,3395005,54.55152,-0.01059
2015-10-27,2015-10-29,0,56.65,56.6,56.7,56.5,57.55,3889712,220504018,56.68903456,55.0014,54.95285,55.04995,54.85577,55.87521,4006301,55.0393,-0.01905
2015-10-26,2015-10-28,0,57.75,57.55,57.75,57.4,58.4,5332318,309018493,57.95200005,56.06939,55.87521,56.06939,55.72958,56.70047,5492148,56.26551,-0.00431
2015-10-23,2015-10-27,0,58,58,58.05,56.7,58.05,5937508,341318531,57.48514882,56.31211,56.31211,56.36066,55.04995,56.36066,6115478,55.81225,0.01754
2015-10-22,2015-10-26,0,57,56.95,57.15,56,57.25,3873618,219267956,56.60546703,55.34121,55.29267,55.48685,54.37032,55.58394,3989725,54.95816,0
2015-10-20,2015-10-23,0,57,56.9,57.05,56.7,57.95,3091958,176592015,57.11332916,55.34121,55.24413,55.38976,55.04995,56.26357,3184636,55.45125,-0.01213
2015-10-19,2015-10-22,0,57.7,57.6,57.8,56.8,57.85,3503511,201156979,57.4158263,56.02084,55.92375,56.11793,55.14703,56.16648,3608524,55.74494,0.00786
2015-10-16,2015-10-20,0,57.25,57.2,57.25,56.5,57.3,4503996,256417376,56.93108431,55.58394,55.5354,55.58394,54.85577,55.63248,4638998,55.2743,0.00881
2015-10-15,2015-10-19,0,56.75,56.7,56.75,55.35,56.9,6005991,338405504,56.34465719,55.09849,55.04995,55.09849,53.73923,55.24413,6186013,54.70494,0.0216
2015-10-14,2015-10-16,0,55.55,55.55,55.6,55.35,56,4571742,254013593,55.56166402,53.93341,53.93341,53.98196,53.73923,54.37032,4708774,53.94474,-0.00537
2015-10-13,2015-10-15,0,55.85,55.9,56,55.75,56.4,4990935,279263495,55.95414386,54.22468,54.27323,54.37032,54.12759,54.75868,5140532,54.32579,-0.00711
2015-10-12,2015-10-14,0,56.25,56.2,56.25,56,57.4,8093852,457040208,56.46757662,54.61304,54.5645,54.61304,54.37032,55.72958,8336455,54.82429,-0.01832
2015-10-09,2015-10-13,0,57.3,57.25,57.3,57.2,58.35,5893619,339742986,57.64590246,55.63248,55.58394,55.63248,55.5354,56.65193,6070273,55.96832,-0.01967
2015-10-08,2015-10-12,0,58.45,58.3,58.4,58.05,59,4673145,273129823,58.44668269,56.74902,56.60338,56.70047,56.36066,57.28301,4813217,56.7458,-0.01433
2015-10-07,2015-10-09,0,59.3,59.45,59.5,56.8,59.5,7000681,407158339,58.15981888,57.57428,57.71992,57.76846,55.14703,57.76846,7210518,56.46728,0.03041
2015-10-06,2015-10-08,0,57.55,57.55,57.65,56.9,58.75,4380203,253064399,57.77458237,55.87521,55.87521,55.9723,55.24413,57.04029,4511494,56.09326,-0.00776
2015-10-05,2015-10-07,0,58,57.9,58,57.5,59,4651858,269134925,57.85536123,56.31211,56.21503,56.31211,55.82666,57.28301,4791292,56.17168,0.01933
2015-10-02,2015-10-06,0,56.9,56.85,56.9,55.85,57.55,12733976,722071883,56.70435401,55.24413,55.19558,55.24413,54.22468,55.87521,13115661,55.05417,0.00976
2015-09-30,2015-10-05,0,56.35,56.3,56.35,56.1,57,6068394,342880271,56.50263826,54.71013,54.66159,54.71013,54.4674,55.34121,6250287,54.85833,0.01807
2015-09-29,2015-10-02,0,55.35,55.3,55.35,54.35,55.5,10004163,549985851,54.97569872,53.73923,53.69069,53.73923,52.76833,53.88487,10304026,53.37582,-0.02381
2015-09-25,2015-09-30,0,56.7,56.65,56.7,56,57.3,9967934,565457584,56.72766132,55.04995,55.0014,55.04995,54.37032,55.63248,10266711,55.0768,0.0098
2015-09-24,2015-09-29,0,56.15,56.1,56.15,56,57.3,10510267,593425820,56.46153613,54.51595,54.4674,54.51595,54.37032,55.63248,10825299,54.81842,-0.01921
2015-09-23,2015-09-25,0,57.25,57.15,57.25,56.2,58.6,14849665,849840613,57.22961515,55.58394,55.48685,55.58394,54.5645,56.89465,15294765,55.56415,-0.02884
2015-09-22,2015-09-24,0,58.95,58.8,59,58.3,60.35,18654236,1102733565,59.11437836,57.23447,57.08883,57.28301,56.60338,58.59372,19213374,57.39406,-0.02158
2015-09-21,2015-09-23,0,60.6,60.55,60.6,60.1,61.85,30348252,1865899622,61.48293556,58.49663,58.44837,58.49663,58.01399,59.70325,31439485,59.34892,-0.02962
2015-09-18,2015-09-22,0,62.45,64.5,64.6,60.45,65.85,77622470,4796843610,61.79710089,60.28242,62.26127,62.3578,58.35184,63.56441,80413543,59.65219,0.04694
2015-09-17,2015-09-21,0,59.65,59.55,59.7,58.35,59.95,17790149,1056909240,59.40980258,57.57961,57.48308,57.62787,56.32473,57.8692,18429830,57.34775,0.01016
2015-09-16,2015-09-18,0,59.05,59,59.1,57.35,59.25,12332432,717698095,58.19599046,57.00043,56.95217,57.0487,55.35944,57.19349,12775870,56.17607,0.03687
2015-09-15,2015-09-17,0,56.95,56.9,56.95,56.6,59.3,13840470,794783213,57.42458262,54.97332,54.92506,54.97332,54.63547,57.24176,14338132,55.43143,-0.03963
2015-09-14,2015-09-16,0,59.3,59.1,59.2,57.85,59.85,10271449,605341111,58.93434422,57.24176,57.0487,57.14523,55.84208,57.77267,10640780,56.88879,0.01368
2015-09-11,2015-09-15,0,58.5,58.35,58.55,57.1,58.75,12038326,702810756,58.38110349,56.46952,56.32473,56.51779,55.11812,56.71085,12471188,56.35475,0.02993
2015-09-10,2015-09-14,0,56.8,56.65,56.8,55.4,57.05,15567434,878487155,56.43108267,54.82853,54.68374,54.82853,53.47712,55.06985,16127193,54.47242,0.00531
2015-09-09,2015-09-11,0,56.5,56.5,56.55,55.2,56.55,11833651,660812697,55.84182743,54.53894,54.53894,54.58721,53.28406,54.58721,12259154,53.90361,0.02727
2015-09-08,2015-09-10,0,55,54.85,55,54.25,55.6,14037257,768157548,54.72276728,53.09101,52.94621,53.09101,52.36704,53.67018,14541995,52.8234,0.01852
2015-09-07,2015-09-09,0,54,54,54.05,53.75,54.9,10421003,564452944,54.16493441,52.12571,52.12571,52.17398,51.88439,52.99448,10795711,52.28492,0.00093
2015-09-04,2015-09-08,0,53.95,53.75,54,53.7,54.65,11101747,601039772,54.13920638,52.07745,51.88439,52.12571,51.83613,52.75316,11500933,52.26009,0.01697
2015-09-02,2015-09-07,0,53.05,52.9,53.05,52.5,54.25,8253223,439282969,53.22562701,51.20869,51.0639,51.20869,50.67778,52.36704,8549984,51.37822,-0.0121
2015-09-01,2015-09-04,0,53.7,53.7,53.8,53.35,54.5,9732722,525574983,54.00082146,51.83613,51.83613,51.93266,51.49827,52.60836,10082682,52.12651,-0.01105
2015-08-31,2015-09-02,0,54.3,54.15,54.35,52.75,54.65,10901327,585634883,53.7214307,52.4153,52.27051,52.46356,50.9191,52.75316,11293306,51.85681,0.03232
2015-08-28,2015-09-01,0,52.6,52.6,52.85,52.6,54,12728337,675445132,53.06625147,50.77431,50.77431,51.01563,50.77431,52.12571,13186010,51.22438,-0.00473
2015-08-27,2015-08-31,0,52.85,52.85,52.95,51.25,53,14967107,777287177,51.93302734,51.01563,51.01563,51.11216,49.47116,51.16042,15505280,50.13048,0.0507
2015-08-26,2015-08-28,0,50.3,50.2,50.25,50.1,51.8,16957577,859285427,50.67265371,48.55414,48.45761,48.50587,48.36108,50.00207,17567321,48.91386,-0.0364
2015-08-25,2015-08-27,0,52.2,52.1,52.2,50.8,53.7,21461390,1114901152,51.94915856,50.38819,50.29166,50.38819,49.03678,51.83613,22233078,50.14606,0.02655
2015-08-24,2015-08-26,0,50.85,50.75,50.8,50.7,53,14708128,761368486,51.7651523,49.08505,48.98852,49.03678,48.94025,51.16042,15236989,49.96844,-0.06783
2015-08-21,2015-08-25,0,54.55,54.55,54.75,53.3,55.5,17851508,969722268,54.32158829,52.65662,52.65662,52.84968,51.45001,53.57365,18493395,52.43614,-0.03622
2015-08-20,2015-08-24,0,56.6,56.55,56.65,56.15,57.25,7464344,423139565,56.68811151,54.63547,54.58721,54.68374,54.20109,55.26291,7732740,54.72052,-0.01222
2015-08-19,2015-08-21,0,57.3,57.25,57.5,57,58.95,8568478,493581928,57.60438762,55.31117,55.26291,55.50423,55.02159,56.90391,8876575,55.605,-0.02218
2015-08-18,2015-08-20,0,58.6,58.6,58.8,58.5,59.8,4960051,292061705,58.88280282,56.56605,56.56605,56.75911,56.46952,57.7244,5138400,56.83904,-0.01513
2015-08-17,2015-08-19,0,59.5,59.5,59.55,59,59.8,3817354,227065158,59.48234248,57.43481,57.43481,57.48308,56.95217,57.7244,3954615,57.41777,0.00253
2015-08-14,2015-08-18,0,59.35,59.3,59.45,59,59.95,5592989,332667168,59.47931741,57.29002,57.24176,57.38655,56.95217,57.8692,5794096,57.41485,-0.00503
2015-08-13,2015-08-17,0,59.65,59.55,59.6,59.4,60.15,6641024,396509926,59.70614261,57.57961,57.48308,57.53134,57.33829,58.06226,6879815,57.6338,-0.00831
2015-08-12,2015-08-14,0,60.15,60,60.1,59.9,60.6,8824387,530669605,60.13671035,58.06226,57.91746,58.01399,57.82093,58.49663,9141686,58.04943,-0.01313
2015-08-11,2015-08-13,0,60.95,60.85,60.95,60.85,62.35,8106126,499047386,61.5642276,58.83449,58.73796,58.83449,58.73796,60.18589,8397598,59.4274,-0.01773
2015-08-10,2015-08-12,0,62.05,61.95,62.05,60.35,62.1,11370064,694562860,61.08697893,59.89631,59.79978,59.89631,58.25531,59.94457,11778898,58.96671,-0.00401
2015-08-07,2015-08-11,0,62.3,62.3,62.45,62.2,63.5,6924899,435187049,62.84381173,60.13763,60.13763,60.28242,60.0411,61.29598,7173898,60.66257,-0.01346
2015-08-06,2015-08-10,0,63.15,63.2,63.35,62.15,63.4,4779272,300850211,62.94896189,60.95813,61.00639,61.15118,59.99284,61.19945,4951120,60.76407,0.00079
2015-08-05,2015-08-07,0,63.1,63.2,63.35,63,63.6,4107244,259718485,63.23424783,60.90986,61.00639,61.15118,60.81333,61.39251,4254928,61.03945,-0.01097
2015-08-04,2015-08-06,0,63.8,63.9,63.95,63,64.75,3754604,240165391,63.9655716,61.58557,61.6821,61.73036,60.81333,62.50259,3889608,61.74539,-0.00778
2015-08-03,2015-08-05,0,64.3,64.3,64.4,63.6,64.85,9768430,629060464,64.39729455,62.06821,62.06821,62.16474,61.39251,62.59912,10119674,62.16213,-0.00464
2015-07-31,2015-08-04,0,64.6,64.25,64.6,64,64.9,4363212,280895569,64.37816201,62.3578,62.01995,62.3578,61.77862,62.64739,4520100,62.14366,0.00155
2015-07-30,2015-08-03,0,64.5,64.4,64.55,64.2,64.95,6138849,396323157,64.55984778,62.26127,62.16474,62.30954,61.97168,62.69565,6359584,62.31904,-0.00309
2015-07-29,2015-07-31,0,64.7,64.7,64.75,63.8,65,8025722,518487434,64.60321377,62.45433,62.45433,62.50259,61.58557,62.74392,8314303,62.3609,0.00466
2015-07-28,2015-07-30,0,64.4,64.45,64.55,62.95,64.8,6947282,445716871,64.15701435,62.16474,62.213,62.30954,60.76507,62.55086,7197086,61.93019,0.01338
2015-07-27,2015-07-29,0,63.55,63.5,63.65,63,64.1,9883958,630332239,63.77326158,61.34424,61.29598,61.44077,60.81333,61.87515,10239356,61.55976,-0.00703
2015-07-24,2015-07-28,0,64,63.9,63.95,63.9,65.05,8420031,542174971,64.39108965,61.77862,61.6821,61.73036,61.6821,62.79218,8722790,62.15614,-0.01311
2015-07-23,2015-07-27,0,64.85,64.85,65.1,64.7,66.15,6508918,423970004,65.13678679,62.59912,62.59912,62.84044,62.45433,63.854,6742959,62.87595,-0.01143
2015-07-22,2015-07-24,0,65.6,65.5,65.9,65.2,66.5,7299283,480938884,65.88851042,63.32309,63.22656,63.61268,62.93697,64.19185,7561743,63.60159,0
2015-07-21,2015-07-23,0,65.6,65.6,65.7,65.35,67.05,5463148,361701635,66.20754829,63.32309,63.32309,63.41962,63.08177,64.72277,5659587,63.90955,-0.0187
2015-07-20,2015-07-22,0,66.85,66.75,66.8,66.2,67.75,3616482,241880373,66.88278084,64.5297,64.43317,64.48144,63.90226,65.39847,3746520,64.56135,-0.00742
2015-07-17,2015-07-21,0,67.35,67.35,67.45,66.1,67.5,15601224,1047114829,67.11747931,65.01235,65.01235,65.10888,63.80573,65.15714,16162198,64.7879,0.00975
2015-07-16,2015-07-20,0,66.7,66.5,66.8,65.4,66.8,6768144,448013527,66.19444371,64.38491,64.19185,64.48144,63.13003,64.48144,7011506,63.8969,0.00528
2015-07-15,2015-07-17,0,66.35,66,66.35,65.2,66.5,10932862,718865235,65.75270364,64.04706,63.70921,64.04706,62.93697,64.19185,11325975,63.47049,0.0192
2015-07-14,2015-07-16,0,65.1,64.85,65,63.1,65.3,12609342,815517199,64.67563486,62.84044,62.59912,62.74392,60.90986,63.03351,13062736,62.43081,0.03251
2015-07-13,2015-07-15,0,63.05,63.05,63.1,60.25,63.1,7707997,478840296,62.12253274,60.8616,60.8616,60.90986,58.15878,60.90986,7985154,59.96632,0.03276
2015-07-10,2015-07-14,0,61.05,60.95,61.25,60,61.6,16416725,1000978096,60.97306838,58.93102,58.83449,59.12407,57.91746,59.46192,17007022,58.85675,0.00577
2015-07-09,2015-07-13,0,60.7,60.6,60.8,56.75,61.9,24263706,1456736502,60.03767528,58.59316,58.49663,58.68969,54.78026,59.75151,25136157,57.95383,0.04745
2015-07-08,2015-07-10,0,57.95,57.85,57.95,55.8,60,27352914,1590998788,58.16560488,55.93861,55.84208,55.93861,53.86324,57.91746,28336443,56.14674,-0.06758
2015-07-07,2015-07-09,0,62.15,62.05,62.15,61.5,62.8,16046865,993315444,61.90090363,59.99284,59.89631,59.99284,59.3654,60.62027,16623863,59.75239,-0.01114
2015-07-06,2015-07-08,0,62.85,62.8,62.85,61.25,63.8,12841953,801977444,62.4498037,60.66854,60.62027,60.66854,59.12407,61.58557,13303711,60.28223,-0.01874
2015-07-03,2015-07-07,0,64.05,64,64.05,63.8,65,10370760,669343958,64.54145675,61.82689,61.77862,61.82689,61.58557,62.74392,10743662,62.30129,-0.01234
2015-07-02,2015-07-06,0,64.85,64.65,64.85,64.15,65.5,13765405,891481693,64.7624747,62.59912,62.40607,62.59912,61.92342,63.22656,14260368,62.51463,0.00855
2015-06-30,2015-07-03,0,64.3,64.1,64.25,63.75,65.05,9643743,619655753,64.25469374,62.06821,61.87515,62.01995,61.5373,62.79218,9990503,62.02448,0.01741
2015-06-29,2015-07-02,0,63.2,63.1,63.35,63,64.5,11415061,725581324,63.56350825,61.00639,60.90986,61.15118,60.81333,62.26127,11825513,61.35728,-0.01018
2015-06-26,2015-06-30,0,63.85,63.8,63.85,63.8,65,13585200,872611119,64.23248233,61.63383,61.58557,61.63383,61.58557,62.74392,14073683,62.00304,-0.0139
2015-06-25,2015-06-29,0,64.75,64.7,65,64.7,65.45,8778155,570077073,64.94269844,62.50259,62.45433,62.74392,62.45433,63.17829,9093791,62.6886,-0.01145
2015-06-24,2015-06-26,0,65.5,65.45,65.6,65.4,66.1,8422942,553617179,65.72729327,63.22656,63.17829,63.32309,63.13003,63.80573,8725806,63.44597,-0.00758
2015-06-23,2015-06-25,0,66,65.95,66.2,64.8,66.2,20806034,1362174687,65.470175,63.70921,63.66094,63.90226,62.55086,63.90226,21554157,63.19777,0.01538
2015-06-22,2015-06-24,0,65,64.95,65.05,64.8,65.9,15718522,1025489984,65.24086578,62.74392,62.69565,62.79218,62.55086,63.61268,16283713,62.97642,-0.02256
2015-06-19,2015-06-23,0,66.5,66.4,66.85,65,67.15,18575814,1226348729,66.01857281,64.19185,64.09532,64.5297,62.74392,64.81929,19243745,63.72713,0.00529
2015-06-18,2015-06-22,0,66.15,66.1,66.15,65.55,66.45,8906034,588479844,66.07653238,63.854,63.80573,63.854,63.27483,64.14358,9226268,63.78308,0.00608
2015-06-17,2015-06-19,0,65.75,65.75,65.95,64.55,66,11816101,771566555,65.29789776,63.46788,63.46788,63.66094,62.30954,63.70921,12240973,63.03147,0.0131
2015-06-16,2015-06-18,0,64.9,64.9,64.95,64.6,65.15,11456786,744270014,64.96324659,62.64739,62.64739,62.69565,62.3578,62.88871,11868738,62.70844,-0.01592
2015-06-15,2015-06-17,0,65.95,65.9,65.95,65.8,67.5,12294969,812173983,66.05742422,63.66094,63.61268,63.66094,63.51615,65.15714,12737059,63.76464,-0.02729
2015-06-12,2015-06-16,0,67.8,67.75,68,67.5,68.7,16817690,1143451526,67.99099793,65.44673,65.39847,65.63979,65.15714,66.31549,17422404,65.6311,-0.00367
2015-06-11,2015-06-15,0,68.05,68,68.1,65.5,68.2,22215613,1497133746,67.39106168,65.68806,65.63979,65.73632,63.22656,65.83284,23014420,65.05199,0.03735
2015-06-10,2015-06-12,0,65.6,65.5,65.65,63.85,67,18198514,1191789166,65.48826822,63.32309,63.22656,63.37136,61.63383,64.6745,18852878,63.21524,0.02741
2015-06-09,2015-06-11,0,63.85,63.55,63.75,63.45,65.05,36029631,2325867919,64.55430862,61.63383,61.34424,61.5373,61.24772,62.79218,37325149,62.31369,-0.0355
2015-06-08,2015-06-10,0,66.2,66.15,66.25,66.1,68.6,22580707,1519325922,67.28424943,63.90226,63.854,63.95053,63.80573,66.21896,23392642,64.94888,-0.02288
2015-06-05,2015-06-09,0,67.75,67.4,67.5,66.1,68.35,72931827,4931678115,67.62038355,65.39847,65.06062,65.15714,63.80573,65.97764,75554238,65.27335,-0.03283
2015-06-04,2015-06-08,0,70.05,70.1,70.15,69,71.45,89068164,6261647051,70.30174161,67.61864,67.6669,67.71517,66.60508,68.97004,92270790,67.86164,-0.05466
2015-06-03,2015-06-05,0,74.1,74,74.45,70,77.55,87538109,6443369181,73.606447,71.52806,71.43153,71.86591,67.57037,74.85832,90685719,71.05164,
